Pearl,Mollie,pmollie@gmail.com
Louie,Zaria,lzaria@gmail.com
Jerrold,Kimir,jkimir@gmail.com
Issac,Bobbi,ibobbi@gmail.com
Monica,Grahame,mgrahame@gmail.com
Cali,Crispin,ccrispin@gmail.com
Janene,Lorrin,jlorrin@gmail.com
Everleigh,Gaila,egaila@gmail.com
China,Bertram,cbertram@gmail.com
Esmee,Fleur,efleur@gmail.com